ANEXO,ITEM,DESCRIÇÃO DO PRODUTO,NBS / NCM/SH,REDUÇÃO/ALÍQUOTA,% RED/ALIQ,Unnamed: 6,Unnamed: 7
I,1.0,Arroz das subposições 1006.20 e 1006.30 e do código 1006.40.00 da NCM/SH,1006.20,ALÍQUOTA,0.0,,
I,1.0,"Arroz Semibranqueado ou branqueado, mesmo polido ou brunido (glaciado*)",1006.30,ALÍQUOTA,0.0,,
I,1.0,Arroz quebrado (Trinca de arroz*) ,1006.40.00,ALÍQUOTA,0.0,,
I,2.0,"Leite, em conformidade com os requisitos da legislação específica relativos ao consumo direto pela população",0401.10.10,ALÍQUOTA,0.0,,
I,2.0,Outros ,0401.10.90,ALÍQUOTA,0.0,,
I,2.0,Leite UHT (Ultra High Temperature),0401.20.10,ALÍQUOTA,0.0,,
I,2.0,Outros ,0401.20.90,ALÍQUOTA,0.0,,
I,2.0,Leite,0401.40.10,ALÍQUOTA,0.0,,
I,2.0,Leite,0401.50.10,ALÍQUOTA,0.0,,
I,3.0,"Leite em pó, em conformidade com os requisitos da legislação específica",0402.10.10,ALÍQUOTA,0.0,,
I,3.0,Outros ,0402.10.90,ALÍQUOTA,0.0,,
I,3.0,Leite integral  ,0402.21.10,ALÍQUOTA,0.0,,
I,3.0,Leite parcialmente desnatado  ,0402.21.20,ALÍQUOTA,0.0,,
I,3.0,Leite integral ,0402.29.10,ALÍQUOTA,0.0,,
I,3.0,Leite parcialmente desnatado  	,0402.29.20,ALÍQUOTA,0.0,,
I,4.0,"Fórmulas infantis, em conformidade com os requisitos da legislação específica",1901.10.10,ALÍQUOTA,0.0,,
I,4.0,Leite modificado ,1901.10.90,ALÍQUOTA,0.0,,
I,4.0,Outras  	,2106.90.90,ALÍQUOTA,0.0,,
I,5.0,Manteiga do código 0405.10.00 da NCM/SH,0405.10.00,ALÍQUOTA,0.0,,
I,6.0,Margarina do código 1517.10.00 da NCM/SH,1517.10.00,ALÍQUOTA,0.0,,
I,7.0,"Feijões dos códigos 0713.33.19, 0713.33.29, 0713.33.99 e 0713.35.90 da NCM/SH",0713.33.19,ALÍQUOTA,0.0,,
I,7.0,Outros ,0713.33.99,ALÍQUOTA,0.0,,
I,7.0,Outros ,0713.35.90,ALÍQUOTA,0.0,,
I,8.0,"Café da posição 09.01 e da subposição 2101.1, ambos da NCM/SH",09.01,ALÍQUOTA,0.0,,
I,8.0," Extratos, essências e concentrados de café e preparações à base destes extratos, essências ou concentrados ou à base de café: ",2101.1,ALÍQUOTA,0.0,,
I,9.0,"Óleo de babaçu, em conformidade com os requisitos da legislação específica relativos ao consumo como alimento",1513.21.20,ALÍQUOTA,0.0,,
I,10.0,Farinha de mandioca e tapioca e seus sucedâneos ,1106.20.00,ALÍQUOTA,0.0,,
I,10.0,"Tapioca e seus sucedâneos preparados a partir de féculas, em flocos, grumos, grãos, pérolas ou formas semelhantes.  	",1903.00.00,ALÍQUOTA,0.0,,
I,11.0,"Farinha, grumos e sêmolas, de milho",1102.20.00,ALÍQUOTA,0.0,,
I,11.0,De milho ,1103.13.00,ALÍQUOTA,0.0,,
I,12.0,Grãos de milho ,1104.19.00,ALÍQUOTA,0.0,,
I,12.0,De milho,1104.23.00,ALÍQUOTA,0.0,,
I,13.0,Farinha de trigo do código 1101.00.10 da NCM/SH,1101.00.10,ALÍQUOTA,0.0,,
I,14.0,Açúcar classificado nos códigos 1701.14.00 e 1701.99.00 da NCM/SH,1701.14.00,ALÍQUOTA,0.0,,
I,14.0,Outros,1701.99.00,ALÍQUOTA,0.0,,
I,15.0,Massas alimentícias da subposição 1902.1 da NCM/SH,1902.1,ALÍQUOTA,0.0,,
I,16.0,"Pão comumente denominado pão francês, de formato cilíndrico e alongado, com miolo branco creme e macio, e casca dourada e crocante, elaborado a partir da mistura ou  pré-mistura de farinha de trigo, fermento biológico, água, sal, açúcar, aditivos alimentares e produtos de fortificação de farinhas, em conformidade com a legislação vigente, e a pré-mistura ou massa, para preparação do pão comumente denominado pão francês",1905.90.90,ALÍQUOTA,0.0,,
I,16.0,"Massa para a preparação de pão, sem adição de grãos ou sementes integrais, congelada ",1901.20.10,ALÍQUOTA,0.0,,
I,16.0,Outras  	,1901.20.90,ALÍQUOTA,0.0,,
I,17.0,Grãos de aveia dos códigos 1104.12.00 e 1104.22.00 da NCM/SH,1104.12.00,ALÍQUOTA,0.0,,
I,17.0,De aveia,1104.22.00,ALÍQUOTA,0.0,,
I,18.0,Farinha de aveia classificada no código 1102.90.00 da NCM/SH,1102.90.00,ALÍQUOTA,0.0,,
I,19.0,"Carnes bovina, suína, ovina, caprina e de aves e produtos de origem animal (exceto foies gras) dos seguintes códigos, subposições e posições da NCM/SH: a) 02.01, 02.02, 0206.10.00, 0206.2 e 0210.20.00; b) 02.03, 0206.30.00, 0206.4, 0209.10 e 0210.1; c) 02.04 e 0210.99.20, carne caprina
classificada no código 0210.99.90 e miudezas comestíveis de ovinos e caprinos classificadas nos códigos 0206.80.00 e 0206.90.00; d) 02.07,
0209.90.00 e 0210.99.1, exceto os produtos dos códigos 0207.43.00 e 0207.53.00",02.01,ALÍQUOTA,0.0,,
I,19.0," Carnes de animais da espécie bovina, congeladas. ",02.02,ALÍQUOTA,0.0,,
I,19.0,"Da espécie bovina, frescas ou refrigeradas",0206.10.00,ALÍQUOTA,0.0,,
I,19.0,"Da espécie bovina, congeladas: ",0206.2,ALÍQUOTA,0.0,,
I,19.0,Carnes da espécie bovina,0210.20.00,ALÍQUOTA,0.0,,
I,19.0,"Carnes de animais da espécie suína, frescas, refrigeradas ou congeladas.",02.03,ALÍQUOTA,0.0,,
I,19.0,"Da espécie suína, frescas ou refrigeradas ",0206.30.00,ALÍQUOTA,0.0,,
I,19.0," Da espécie suína, congeladas:  ",0206.4,ALÍQUOTA,0.0,,
I,19.0,De porco   ,0209.10,ALÍQUOTA,0.0,,
I,19.0,Carnes da espécie suína:  ,0210.1,ALÍQUOTA,0.0,,
I,19.0,"  Carnes de animais das espécies ovina ou caprina, frescas, refrigeradas ou congeladas.",02.04,ALÍQUOTA,0.0,,
I,19.0,Carnes da espécie ovina  	,0210.99.20,ALÍQUOTA,0.0,,
I,19.0,Outras,0210.99.90,ALÍQUOTA,0.0,,
I,19.0,"Outras, frescas ou refrigeradas  ",0206.80.00,ALÍQUOTA,0.0,,
I,19.0,"Outras, congeladas",0206.90.00,ALÍQUOTA,0.0,,
I,19.0,"  Carnes e miudezas, comestíveis, frescas, refrigeradas ou congeladas, das aves da posição 01.05.  ",02.07,ALÍQUOTA,0.0,,
I,19.0, Outros  ,0209.90.00,ALÍQUOTA,0.0,,
I,19.0,Carnes de aves da posição 01.05 ,0210.99.1,ALÍQUOTA,0.0,,
I,19.0," Fígados gordos (foies gras), frescos ou refrigerados ",0207.43.00,ALÍQUOTA,0.0,,
I,19.0," Fígados gordos (foies gras), frescos ou refrigerados",0207.53.00,ALÍQUOTA,0.0,,
I,20.0,"Peixes e carnes de peixes (exceto salmonídeos, atuns, bacalhaus, hadoque, saithe e ovas e outros subprodutos) dos seguintes códigos, subposições e posições da NCM/SH: a) 03.02; exceto os produtos das subposições e dos códigos 0302.1, 0302.3, 0302.51.00, 0302.52.00, 0302.53.00 e 0302.9 da NCM/SH; b) 03.03; exceto os produtos das subposições e dos códigos 0303.1, 0303.4, 0303.63.00, 0303.64.00, 0303.65.00 e 0303.9 da NCM/SH; c) 03.04; exceto os salmonídeos, atuns, bacalhaus, hadoque e saithe classificados nas subposições 0304.4, 0304.5, 0304.7, 0304.8 e 0304.9 da NCM/SH",03.02,ALÍQUOTA,0.0,,
I,20.0,"Salmonídeos, exceto subprodutos comestíveis de peixes das subposições 0302.91 a 0302.99: ",0302.1,ALÍQUOTA,0.0,,
I,20.0,"Atuns (do gênero Thunnus), bonito-listrado (gaiado*) (Katsuwonus pelamis), exceto subprodutos comestíveis de peixes das subposições 0302.91 a 0302.99:   ",0302.3,ALÍQUOTA,0.0,,
I,20.0,"acalhau-do-atlântico (Gadus morhua), bacalhau-da-groelândia (Gadus ogac) e bacalhau-do-pacífico (Gadus macrocephalus)   ",0302.51.00,ALÍQUOTA,0.0,,
I,20.0,Hadoque (Arinca*) (Melanogrammus aeglefinus)  ,0302.52.00,ALÍQUOTA,0.0,,
I,20.0,Saithe (Escamudo*) (Pollachius virens)  ,0302.53.00,ALÍQUOTA,0.0,,
I,20.0,"Fígados, ovas, gônadas masculinas, barbatanas, cabeças, caudas, bexigas-natatórias e outros subprodutos comestíveis de peixes:  ",0302.9,ALÍQUOTA,0.0,,
I,20.0,"Peixes congelados, exceto os filés (filetes) de peixes e outra carne de peixes da posição 03.04.  ",03.03,ALÍQUOTA,0.0,,
I,20.0,"Salmonídeos, exceto subprodutos comestíveis de peixes das subposições 0303.91 a 0303.99:  ",0303.1,ALÍQUOTA,0.0,,
I,20.0,"Atuns (do gênero Thunnus), bonito-listrado (gaiado*) (Katsuwonus pelamis), exceto subprodutos comestíveis de peixes das subposições 0303.91 a 0303.99:  ",0303.4,ALÍQUOTA,0.0,,
I,20.0," Bacalhau-do-atlântico (Gadus morhua), bacalhau-da-groelândia (Gadus ogac) e bacalhau-do-pacífico (Gadus macrocephalus)  	",0303.63.00,ALÍQUOTA,0.0,,
I,20.0, Hadoque (Arinca*) (Melanogrammus aeglefinus)  ,0303.64.00,ALÍQUOTA,0.0,,
I,20.0,Saithe (Escamudo*) (Pollachius virens) ,0303.65.00,ALÍQUOTA,0.0,,
I,20.0,"Fígados, ovas, gônadas masculinas, barbatanas, cabeças, caudas, bexigas-natatórias e outros subprodutos comestíveis de peixes:  ",0303.9,ALÍQUOTA,0.0,,
I,20.0,"Filés (filetes) de peixes e outra carne de peixes (mesmo picada), frescos, refrigerados ou congelados.",03.04,ALÍQUOTA,0.0,,
I,20.0,"Filés (filetes) de outros peixes, frescos ou refrigerados:",0304.4,ALÍQUOTA,0.0,,
I,20.0," Outros, frescos ou refrigerados: ",0304.5,ALÍQUOTA,0.0,,
I,20.0," Filés (filetes) de peixes das famílias Bregmacerotidae, Euclichthyidae, Gadidae, Macrouridae, Melanonidae, Merlucciidae, Moridae e Muraenolepididae, congelados:",0304.7,ALÍQUOTA,0.0,,
I,20.0,"Filés (filetes) de outros peixes, congelados: ",0304.8,ALÍQUOTA,0.0,,
I,20.0,"Filés (filetes) de outros peixes, congelados: ",0304.9,ALÍQUOTA,0.0,,
I,21.0,"Queijos tipo mozarela, minas, prato, queijo de coalho, ricota, requeijão, queijo provolone, queijo parmesão, queijo fresco não maturado e queijo do reino",0406.10.10,ALÍQUOTA,0.0,,
I,21.0,Outros  	,0406.10.90,ALÍQUOTA,0.0,,
I,21.0,"Queijos ralados ou em pó, de qualquer tipo ",0406.20.00,ALÍQUOTA,0.0,,
I,21.0,"Com um teor de umidade inferior a 36,0 %, em peso (massa dura)  ",0406.90.10,ALÍQUOTA,0.0,,
I,21.0,"Com um teor de umidade igual ou superior a 36,0 % e inferior a 46,0 %, em peso (massa semidura) ",0406.90.20,ALÍQUOTA,0.0,,
I,21.0,"Com um teor de umidade igual ou superior a 46,0 % e inferior a 55,0 %, em peso (massa macia)",0406.90.30,ALÍQUOTA,0.0,,
I,22.0,Sal em conformidade com os requisitos da legislação específica relativos ao teor de iodo enquadrado nos limites próprios para consumo humano,2501.00.20,ALÍQUOTA,0.0,,
I,22.0,Outros,2501.00.90,ALÍQUOTA,0.0,,
I,23.0,Mate da posição 09.03 da NCM/SH,09.03,ALÍQUOTA,0.0,,
I,24.0,"Farinha com baixo teor de proteína para pessoas com aminoacidopatias, acidemias e defeitos do ciclo da uréia",1901.90.90,ALÍQUOTA,0.0,,
I,25.0,"Massas com baixo teor de proteína para pessoas com aminoacidopatias, acidemias e defeitos do ciclo da uréia",1902.19.00,ALÍQUOTA,0.0,,
I,26.0,Fórmulas Dietoterápicas para Erros Inatos do Metabolismo ,2106.90.90,ALÍQUOTA,0.0,,
IV,1.0,Bolsa para drenagem,3926.90.30,REDUÇÃO,0.6,,
IV,2.0,Sistema para drenagem com conjunto intermediário para medição contínua da diurese  ,9018.90.99,REDUÇÃO,0.6,,
IV,3.0,"Chapas e filmes para raios-X, sensibilizados em uma face",658086,REDUÇÃO,0.6,,
IV,4.0,Cimentos para reconstituição óssea,3006.40.20,REDUÇÃO,0.6,,
IV,5.0,Substitutos de enxerto ósseo,3004.90.99,REDUÇÃO,0.6,,
IV,6.0,Coletor para unidade de drenagem externa,3926.90.40,REDUÇÃO,0.6,,
IV,7.0,Conector completo com tampa,3917.4,REDUÇÃO,0.6,,
IV,8.0,Conector em Y,3917.4,REDUÇÃO,0.6,,
IV,9.0,Conjuntos de troca e concentrados polieletrolíticos para diálise,3004.90.99,REDUÇÃO,0.6,,
IV,10.0,Conjunto para autotransfusão,9018.90.10,REDUÇÃO,0.6,,
IV,11.0,Conjunto para hidrocefalia de baixo perfil,9021.90.19,REDUÇÃO,0.6,,
IV,12.0,Conjunto para hidrocefalia standard,9021.90.19,REDUÇÃO,0.6,,
IV,,,9021.90.80,REDUÇÃO,0.6,,
IV,13.0,Eletrodo endocárdico definitivo,9021.90.91,REDUÇÃO,0.6,,
IV,14.0,Eletrodo epicárdico definitivo,9021.90.91,REDUÇÃO,0.6,,
IV,15.0,Eletrodo para marcapasso temporário endocárdico,9021.90.91,REDUÇÃO,0.6,,
IV,16.0,Eletrodo para marcapasso temporário epicárdico,9021.90.91,REDUÇÃO,0.6,,
IV,17.0,Espaçador de tendão,9021.90.19,REDUÇÃO,0.6,,
IV,18.0,Filmes especiais para raios-X sensibilizados em ambas as faces,658461,REDUÇÃO,0.6,,
IV,19.0,Filmes especiais para raios-X sensibilizados em uma face,658451,REDUÇÃO,0.6,,
IV,20.0,Filtro de linha arterial e venoso,8421.29.90,REDUÇÃO,0.6,,
IV,21.0,Filtro de sangue arterial e venoso para recirculação,8421.29.90,REDUÇÃO,0.6,,
IV,22.0,Filtro para cardioplegia,8421.29.90,REDUÇÃO,0.6,,
IV,23.0,"Categutes esterilizados, materiais esterilizados semelhantes para suturas cirúrgicas (incluídos os fios absorvíveis esterilizados para cirurgia ou odontologia) e adesivos esterilizados para tecidos orgânicos, utilizados em cirurgia para fechar ferimentos; laminárias esterilizadas; hemostáticos absorvíveis esterilizados para cirurgia ou odontologia; barreiras antiaderentes esterilizadas para cirurgia ou odontologia, absorvíveis ou não",3006.1,REDUÇÃO,0.6,,
IV,24.0,Hemoconcentrador para circulação extracorpórea,9018.90.40,REDUÇÃO,0.6,,
IV,25.0,Hemodialisador capilar,8421.29.11,REDUÇÃO,0.6,,
IV,26.0,Marcapasso cardíaco câmara dupla,9021.50.00,REDUÇÃO,0.6,,
IV,27.0,Marcapasso cardíaco multiprogramável com telemetria,9021.50.00,REDUÇÃO,0.6,,
IV,28.0,Outras chapas e filmes para raios-X,658105,REDUÇÃO,0.6,,
IV,29.0,Oxigenador de bolha com tubos para circulação extracorpórea,9018.90.99,REDUÇÃO,0.6,,
IV,30.0,Oxigenador de membrana com tubos para circulação extracorpórea,9018.90.99,REDUÇÃO,0.6,,
IV,31.0,Reservatório de cardiotomia,9018.90.99,REDUÇÃO,0.6,,
IV,32.0,Reservatório para cardioplegia com tubo sem filtro,9018.90.99,REDUÇÃO,0.6,,
IV,33.0,Rins artificiais,9018.90.40,REDUÇÃO,0.6,,
IV,34.0,Shunt lombo-peritonal,9021.90.19,REDUÇÃO,0.6,,
IV,35.0,Substituto temporário de pele (biológica/sintética) (por cm2),3005.90.90,REDUÇÃO,0.6,,
IV,36.0,Tela inorgânica,3006.10.90,REDUÇÃO,0.6,,
IV,37.0,Válvula para hidrocefalia,9021.90.19,REDUÇÃO,0.6,,
IV,,,9021.90.89,REDUÇÃO,0.6,,
IV,38.0,Válvula para tratamento de ascite,9021.90.19,REDUÇÃO,0.6,,
IV,39.0,Fonte de irídio 192,2844.43.90,REDUÇÃO,0.6,,
IV,40.0,Stent vascular,9021.90.12,REDUÇÃO,0.6,,
IV,41.0,Reprocessador de filtros utilizados em hemodiálise,8479.89.99,REDUÇÃO,0.6,,
IV,42.0,"Implantes osseointegráveis, na forma de parafuso, e seus componentes manufaturados, tais como tampas de proteção, montadores, conjuntos, pilares (cicatrizador, conector, de transferência ou temporário), cilindros, seus acessórios, destinados a sustentar, amparar, acoplar ou fixar próteses dentárias",9021.29.00,REDUÇÃO,0.6,,
IV,,,2601176,REDUÇÃO,0.6,,
IV,,,2601186,REDUÇÃO,0.6,,
IV,43.0,Cardiodesfibrilador implantável,9021.90.11,REDUÇÃO,0.6,,
IV,44.0,Espiral para embolização,9021.90.12,REDUÇÃO,0.6,,
IV,45.0,Imunoglobulina anti-Rh,402853,REDUÇÃO,0.6,,
IV,46.0,Outras imunoglobulinas séricas,402854,REDUÇÃO,0.6,,
IV,47.0,Concentrado de fator VIII,402855,REDUÇÃO,0.6,,
IV,48.0,"Outras frações do sangue, exceto as preparadas como medicamentos, as imunoglobulinas séricas, o concentrado de fator VIII e a soroalbumina sob a forma de gel para preparação de reagentes de diagnóstico","3002.12.21
3002.12.29",REDUÇÃO,0.6,,
IV,49.0,"Reagentes de diagnóstico ou de laboratório em qualquer suporte e reagentes de diagnóstico ou de laboratório preparados, mesmo em um suporte, mesmo apresentados sob a forma de estojos, exceto os da posição 30.06; materiais de referência certificados",3822.1,REDUÇÃO,0.6,,
IV,50.0,"Reagentes de diagnóstico concebidos para serem administrados ao paciente, à base de somatoliberina",3006.30.21,REDUÇÃO,0.6,,
IV,51.0,"Produtos para obturação dentária, exceto cimentos",3006.40.12,REDUÇÃO,0.6,,
IV,52.0,"Preparações em gel, concebidas para uso em medicina humana ou veterinária como lubrificante para certas partes do corpo em intervenções cirúrgicas ou exames médicos ou como agente de ligação entre o corpo e os instrumentos médicos",3006.70.00,REDUÇÃO,0.6,,
IV,53.0,"Bolsas para uso em colostomia, ileostomia e urostomia",3006.91.10,REDUÇÃO,0.6,,
IV,54.0,"Equipamentos identificáveis para ostomia, exceto bolsas para uso em colostomia, ileostomia e urostomia",3006.91.90,REDUÇÃO,0.6,,
IV,55.0,Bolsas para uso em medicina (hemodiálise e usos semelhantes),3926.90.30,REDUÇÃO,0.6,,
IV,56.0,Artigos exclusivamente de laboratório de análises clínicas,3926.90.40,REDUÇÃO,0.6,,
IV,57.0,"Acessórios de plástico do tipo utilizado em linhas de sangue para hemodiálise, tais como: obturadores, incluídos os reguláveis (clamps), clipes e similares",3926.90.50,REDUÇÃO,0.6,,
IV,58.0,Luvas cirúrgicas e luvas de procedimento,4015.1,REDUÇÃO,0.6,,
IV,59.0,"Seringas, mesmo com agulhas",9018.31,REDUÇÃO,0.6,,
IV,60.0,Agulhas tubulares de metal e agulhas para suturas,9018.32,REDUÇÃO,0.6,,
IV,61.0,"Agulhas, exceto as de metal e as para suturas",9018.39.10,REDUÇÃO,0.6,,
IV,62.0,"Sondas, cateteres e cânulas, individualmente ou em conjunto",9018.39.2,REDUÇÃO,0.6,,
IV,63.0,Lancetas para vacinação e cautérios,9018.39.30,REDUÇÃO,0.6,,
IV,64.0,"Instrumentos semelhantes a seringas, a agulhas, a cateteres e a cânulas",9018.39.9,REDUÇÃO,0.6,,
IV,65.0,Brocas para odontologia,9018.49.1,REDUÇÃO,0.6,,
IV,66.0,Limas,9018.49.20,REDUÇÃO,0.6,,
IV,67.0,"Grampos e clipes, seus aplicadores e extratores",9018.90.95,REDUÇÃO,0.6,,
IV,68.0,"Outros instrumentos e aparelhos para medicina, cirurgia e odontologia, excluídas seringas e agulhas, das posições 9018.31 e 9018.32",9018.39.99,REDUÇÃO,0.6,,
IV,,,9018.90.99,REDUÇÃO,0.6,,
IV,69.0,"Mesas de operação e para exames, camas hospitalares e de uso clínico",9402.9,REDUÇÃO,0.6,,
IV,70.0,Fotocoagulador a laser,9018.20.10,REDUÇÃO,0.6,,
IV,71.0,Bisturi elétrico,9018.90.21,REDUÇÃO,0.6,,
IV,72.0,Aparelho de anestesia com monitor multiparâmetros,9018.90.99,REDUÇÃO,0.6,,
IV,73.0,Autoclave,8419.81.10,REDUÇÃO,0.6,,
IV,74.0,Retinógrafo,9018.50.90,REDUÇÃO,0.6,,
IV,75.0,Meios de cultura,3821.00.00,REDUÇÃO,0.6,,
IV,76.0,Termocicladores utilizados em diagnóstico e na pesquisa científica,8419.89.99,REDUÇÃO,0.6,,
IV,77.0,Partes e peças de termocicladores,8419.90.40,REDUÇÃO,0.6,,
IV,78.0,Pipetadores laboratoriais para diagnóstico e pesquisa científica,8479.89.12,REDUÇÃO,0.6,,
IV,79.0,Cromatógrafo de fase líquida,9027.20.12,REDUÇÃO,0.6,,
IV,80.0,Sequenciadores automáticos de ADN mediante eletroforese capilar,9027.20.21,REDUÇÃO,0.6,,
IV,81.0,Aparelhos de eletroforese para diagnóstico e pesquisa científica,9027.20.29,REDUÇÃO,0.6,,
IV,82.0,Analisadores por espectrofotometria para diagnóstico e pesquisa científica,9027.3,REDUÇÃO,0.6,,
IV,83.0,Analisadores por fotometria para diagnóstico e pesquisa científica,9027.50.20,REDUÇÃO,0.6,,
IV,84.0,Citômetro de fluxo,9027.50.50,REDUÇÃO,0.6,,
IV,85.0,Analisadores por radiações ópticas para diagnóstico e pesquisa científica,9027.50.90,REDUÇÃO,0.6,,
IV,86.0,Outros analisadores para diagnóstico e pesquisa científica,9027.89.99,REDUÇÃO,0.6,,
IV,87.0,Espectrômetro de massa,9027.81.00,REDUÇÃO,0.6,,
IV,88.0,Outros analisadores para diagnóstico,9027.89.99,REDUÇÃO,0.6,,
IV,89.0,Micrótomo,9027.90.10,REDUÇÃO,0.6,,
IV,90.0,Partes e peças de equipamentos analisadores laboratoriais,9027.90.9,REDUÇÃO,0.6,,
IV,91.0,Preservativo,4014.10.00,REDUÇÃO,0.6,,
IV,92.0,Dispositivo intrauterino (DIU),9018.90.99,REDUÇÃO,0.6,,
IV,93.0,Substância para conservação de órgãos e tecidos,3824.99.89,REDUÇÃO,0.6,,
IV,94.0,Introdutor de punção para implante de eletrodo endocárdico,9021.90.91,REDUÇÃO,0.6,,
IV,95.0,Enxerto tubular de politetrafluoretileno - PTFE (por cm2),9021.90.99,REDUÇÃO,0.6,,
IV,96.0,Enxerto arterial e venoso tubular inorgânico,9021.90.99,REDUÇÃO,0.6,,
IV,97.0,Botão para crânio,9021.90.99,REDUÇÃO,0.6,,
IV,98.0,Guia metálico para introdução de cateter duplo lumen,9018.39.29,REDUÇÃO,0.6,,
IV,99.0,Dilatador para implante de cateter duplo lumen,9018.39.29,REDUÇÃO,0.6,,
IV,100.0,Guia de troca para angioplastia,9018.39.29,REDUÇÃO,0.6,,
IV,101.0,Introdutor para cateter com e sem válvula,9018.39.29,REDUÇÃO,0.6,,
IV,102.0,Kit cânula,9018.39.99,REDUÇÃO,0.6,,
IV,,,9018.39.91,REDUÇÃO,0.6,,
IV,103.0,Dreno para sucção,9018.39.29,REDUÇÃO,0.6,,
IV,104.0,Sistema de drenagem mediastinal,9018.39.29,REDUÇÃO,0.6,,
IV,105.0,Conjunto descartável de balão intra-aórtico,9018.90.99,REDUÇÃO,0.6,,
V,1.0,ACESSÓRIOS E ADAPTAÇÕES ESPECIAIS PARA SEREM INSTALADOS EM VEÍCULOS AUTOMOTORES PERTENCENTES OU QUE FOREM DESTINADOS A PESSOAS COM DEFICIÊNCIA FÍSICA,,REDUÇÃO,0.6,,
V,1.1,"Comando de embreagem manual, suas partes e acessórios",8708.99.10,REDUÇÃO,0.6,,
V,1.2,"Comando de freio manual, suas partes e acessórios",8708.99.10,REDUÇÃO,0.6,,
V,1.3,"Comando de acelerador manual, suas partes e acessórios",8708.99.10,REDUÇÃO,0.6,,
V,1.4,"Inversão do pedal do acelerador, suas partes e acessórios",8708.99.10,REDUÇÃO,0.6,,
V,1.5,"Prolongamento de pedais, suas partes e acessórios",8708.99.10,REDUÇÃO,0.6,,
V,1.6,"Empunhadura, suas partes e acessórios",8708.29.99,REDUÇÃO,0.6,,
V,1.7,"Servo acionadores de volante, suas partes e acessórios",8708.99.10,REDUÇÃO,0.6,,
V,1.8,"Deslocamento de comandos do painel, suas partes e acessórios",8708.29.99,REDUÇÃO,0.6,,
V,1.9,"Plataforma giratória para deslocamento giratório do assento de veículo, suas partes e acessórios",8708.29.99,REDUÇÃO,0.6,,
V,1.1,"Trilho elétrico para deslocamento do assento dianteiro para outra parte do interior do veículo, suas partes e acessórios",8708.29.99,REDUÇÃO,0.6,,
V,1.11,"Plataforma de elevação para cadeira de rodas, manual, eletro-hidráulica ou eletromecânica",8428.90.90,REDUÇÃO,0.6,,
V,1.12,"Rampa para cadeira de rodas, suas partes e acessórios",8708.29.99,REDUÇÃO,0.6,,
V,1.13,Guincho para transportar cadeira de rodas,8425.31.10,REDUÇÃO,0.6,,
V,2.0,PRODUTOS DESTINADOS A USO DE PESSOA COM DEFICIÊNCIA VISUAL,,REDUÇÃO,0.6,,
V,2.1,"Bengala inteiriça, dobrável ou telescópica, com ponteira de náilon",6602.00.00,REDUÇÃO,0.6,,
V,2.2,"Relógio em braille, com sintetizador de voz e mostrador ampliado","9102.11.10
9102.11.90
9102.91.00",REDUÇÃO,0.6,,
V,2.3,Termômetro digital com sistema de voz,9025.19.90,REDUÇÃO,0.6,,
V,2.4,"Calculadora digital com sistema de voz, com verbalização dos ajustes de minutos e horas, tanto no modo horário, como no modo alarme, e comunicação por voz dos dígitos de cálculo e resultados","8470.10.00
8470.29.00",REDUÇÃO,0.6,,
V,2.5,"Agenda eletrônica com teclado em braille, com ou sem sintetizador de voz",8543.70.99,REDUÇÃO,0.6,,
V,2.6,Reglete para escrita em braille,9017.20.00,REDUÇÃO,0.6,,
V,2.7,"Display braille e teclado em Braille para uso em microcomputador, com sistema interativo para introdução e leitura de dados por meio de tabelas de caracteres Braille",8471.60.90,REDUÇÃO,0.6,,
V,2.8,"Máquina de escrever para escrita em braille, manual ou elétrica, com teclado de datilografia comum ou na formação Braille",8472.90.99,REDUÇÃO,0.6,,
V,2.9,"Impressora de caracteres em braille para uso com microcomputadores, com sistema de folha solta ou dois lados da folha, com ou sem sistema de comando de voz ou sistema acústico",8443.32.22,REDUÇÃO,0.6,,
V,2.1,"Equipamento sintetizador para reprodução em voz de sinais gerados por microcomputadores, permitida a leitura de dados de arquivos, de uso interno ou externo, com padrão de protocolo SSIL de interface com softwares leitores de tela",8471.80.00,REDUÇÃO,0.6,,
V,3.0,PRODUTOS DESTINADOS AO USO DE PESSOAS COM DEFICIÊNCIA AUDITIVA,,REDUÇÃO,0.6,,
V,3.1,"Aparelho telefônico com teclado alfanumérico e visor luminoso, com ou sem impressora embutida, que permite converter sinais transmitidos por sistema telefônico em caracteres e símbolos",8517.1,REDUÇÃO,0.6,,
V,3.2,Relógio despertador vibratório e/ou luminoso,"9103.10.00
9105.11.00",REDUÇÃO,0.6,,
V,3.3,Unidades de entrada de dados tipo mouse controláveis pelo movimento dos olhos para deficientes,8471.60.53,REDUÇÃO,0.6,,
VI,1.0,Acetato de dextroalfatocoferol,2936.28.12,REDUÇÃO ,0.6,,
VI,2.0,Acetato de lisina,2922.41.90,REDUÇÃO ,0.6,,
VI,3.0,Acetato de potássio,2915.29.90,REDUÇÃO ,0.6,,
VI,4.0,Acetato de sódio,2915.29.10,REDUÇÃO ,0.6,,
VI,5.0,Acetato de zinco,2915.29.90,REDUÇÃO ,0.6,,
VI,6.0,Acetiltirosina,2922.50.39,REDUÇÃO ,0.6,,
VI,7.0,Ácido acético,2915.21.00,REDUÇÃO ,0.6,,
VI,8.0,Ácido ascórbico,2936.27.10,REDUÇÃO ,0.6,,
VI,9.0,Ácido aspártico,2922.49.90,REDUÇÃO ,0.6,,
VI,10.0,Á   cido cítrico,2918.14.00,REDUÇÃO ,0.6,,
VI,11.0,Ácido fólico,2936.29.11,REDUÇÃO ,0.6,,
VI,12.0,Ácido glutâmico,2922.42.10,REDUÇÃO ,0.6,,
VI,13.0,Á   cido málico,2918.19.90,REDUÇÃO ,0.6,,
VI,14.0,Ácido selenioso,2811.19.90,REDUÇÃO ,0.6,,
VI,15.0,Água para injeção,2002.10.00,REDUÇÃO ,0.6,,
VI,16.0,Alanilglutamina,2922.49.90,REDUÇÃO ,0.6,,
VI,17.0,Alanina,2922.49.90,REDUÇÃO ,0.6,,
VI,18.0,Albumina humana,3002.12.36,REDUÇÃO ,0.6,,
VI,19.0,Arginina,2925.29.19,REDUÇÃO ,0.6,,
VI,20.0,Asparagina,2922.49.90,REDUÇÃO ,0.6,,
VI,21.0,Bicarbonato de sódio,2836.30.00,REDUÇÃO ,0.6,,
VI,22.0,Biotina,2936.29.31,REDUÇÃO ,0.6,,
VI,23.0,Cianocobalamina,2936.26.10,REDUÇÃO ,0.6,,
VI,24.0,Cistina,2930.90.39,REDUÇÃO ,0.6,,
VI,25.0,Cloreto crômico,2827.39.93,REDUÇÃO ,0.6,,
VI,26.0,Cloreto de cálcio,"2827.20.10
2827.20.90",REDUÇÃO ,0.6,,
VI,27.0,Cloreto de magnésio,"2827.31.10
2827.31.90",REDUÇÃO ,0.6,,
VI,28.0,Cloreto de manganês,2827.39.95,REDUÇÃO ,0.6,,
VI,29.0,Cloreto de potássio,"3104.20.10
3104.20.90",REDUÇÃO ,0.6,,
VI,30.0,Cloreto de sódio,2501.00.90,REDUÇÃO ,0.6,,
VI,31.0,Cloreto de zinco,2827.39.98,REDUÇÃO ,0.6,,
VI,32.0,Cloridrato de piridoxina,2936.25.20,REDUÇÃO ,0.6,,
VI,33.0,Cloridrato de tiamina,2936.22.10,REDUÇÃO ,0.6,,
VI,34.0,C   ocarboxilase,2936.22.90,REDUÇÃO ,0.6,,
VI,35.0,Colecalciferol,2936.29.21,REDUÇÃO ,0.6,,
VI,36.0,Ergocalciferol,2936.29.29,REDUÇÃO ,0.6,,
VI,37.0,Fenilalanina,2922.49.90,REDUÇÃO ,0.6,,
VI,38.0,Fitomenadiona,2936.29.40,REDUÇÃO ,0.6,,
VI,39.0,Fórmula para dieta isenta de fenilalanina,2106.90.90,REDUÇÃO ,0.6,,
VI,40.0,Fórmula para dieta isenta demetionina,2106.90.90,REDUÇÃO ,0.6,,
VI,41.0,Fórmula para dieta isenta de lisina e pobre de triptofano,2106.90.90,REDUÇÃO ,0.6,,
VI,42.0,"Fórmula para dieta isenta de leucina, de isoleucina ou de valina",2106.90.90,REDUÇÃO ,0.6,,
VI,43.0,Fórmula para dieta isenta de fenilalanina e de metionina,2106.90.90,REDUÇÃO ,0.6,,
VI,44.0,Fórmula para dieta isenta de aminoácidos não essenciais,2106.90.90,REDUÇÃO ,0.6,,
VI,45.0,"Fórmula para dieta isenta de metionina, de treonina, de valina e restrita de isoleucina",2106.90.90,REDUÇÃO ,0.6,,
VI,46.0,"Fórmula para dieta cetogênica, na proporção de 4 g de gordura para cada 1 g de carboidratos e proteínas",2106.90.90,REDUÇÃO ,0.6,,
VI,47.0,"Fórmula hiperlipídica, para suplementação de triglicerídios de cadeia média ou triheptanoína",2202.99.00,REDUÇÃO ,0.6,,
VI,48.0,"Preparação líquida, de quatro partes de trioleato de glicerol de ácido para uma parte de trierucato de glicerol",2202.99.00,REDUÇÃO ,0.6,,
VI,49.0,Fosfato de potássio dibásico,2835.24.00,REDUÇÃO ,0.6,,
VI,50.0,Fosfato de potássio monobásico,2835.24.00,REDUÇÃO ,0.6,,
VI,51.0,Fosfato de sódio monobásico,2835.22.00,REDUÇÃO ,0.6,,
VI,52.0,F   osfato de tiamina,2936.22.90,REDUÇÃO ,0.6,,
VI,53.0,Fosfato sódico de riboflavina,2936.23.20,REDUÇÃO ,0.6,,
VI,54.0,Frutose,1702.50.00,REDUÇÃO ,0.6,,
VI,55.0,Glicerofosfato de sódio,2919.90.90,REDUÇÃO ,0.6,,
VI,56.0,Glicina,2922.49.10,REDUÇÃO ,0.6,,
VI,57.0,Gliconato de cálcio,2918.16.10,REDUÇÃO ,0.6,,
VI,58.0,Glicose,1702.30.11,REDUÇÃO ,0.6,,
VI,59.0,Histidina,2933.29.92,REDUÇÃO ,0.6,,
VI,60.0,Icodextrina,3505.10.00,REDUÇÃO ,0.6,,
VI,61.0,Iodeto de potássio,2827.60.12,REDUÇÃO ,0.6,,
VI,62.0,Isoleucina,2922.49.90,REDUÇÃO ,0.6,,
VI,63.0,Lecitina de ovo,2923.20.00,REDUÇÃO ,0.6,,
VI,64.0,Leucina,2922.49.90,REDUÇÃO ,0.6,,
VI,65.0,Levovalina,2922.49.90,REDUÇÃO ,0.6,,
VI,66.0,Lisina,2922.41.10,REDUÇÃO ,0.6,,
VI,67.0,Metionina,"2930.40.10
2930.40.90",REDUÇÃO ,0.6,,
VI,68.0,Nicotinamida,2936.29.52,REDUÇÃO ,0.6,,
VI,69.0,Palmitato de retinol,2936.21.13,REDUÇÃO ,0.6,,
VI,70.0,Prolina,2922.49.90,REDUÇÃO ,0.6,,
VI,71.0,R   iboflavina,2936.23.10,REDUÇÃO ,0.6,,
VI,72.0,Selenito de sódio,2842.90.00,REDUÇÃO ,0.6,,
VI,73.0,Serina,2922.50.99,REDUÇÃO ,0.6,,
VI,74.0,Sorbitol,2905.44.00,REDUÇÃO ,0.6,,
VI,75.0,Sulfato de magnésio,2833.21.00,REDUÇÃO ,0.6,,
VI,76.0,Sulfato de zinco,2833.29.70,REDUÇÃO ,0.6,,
VI,77.0,Taurina,2922.49.90,REDUÇÃO ,0.6,,
VI,78.0,Tirosina,2922.50.39,REDUÇÃO ,0.6,,
VI,79.0,T  ocoferol,2936.28.11,REDUÇÃO ,0.6,,
VI,80.0,Treonina,2922.50.99,REDUÇÃO ,0.6,,
VI,81.0,Triglicerídeos de cadeia média,"1513.19.00
1513.29.11",REDUÇÃO ,0.6,,
VII,1.0,"Crustáceos (exceto lagostas e lagostim) e moluscos dos seguintes códigos e subposições da NCM/SH: a) 0306.1 e 0306.3, exceto os produtos da subposição 0306.11 e dos códigos 0306.15.00, 0306.31.00, 0306.34.00, 0306.39.10; e b) 0307.31.00, 0307.32.00, 0307.42.00, 0307.43,
0307.51.00, 0307.52.00, 0307.91.00 e 0307.92.00",0306.1,REDUÇÃO,0.6,,
VII,1.0,"Vivos, frescos ou refrigerados",0306.3,S/REDUÇÃO,0.0,,
VII,1.0," Lagostas (Palinurus spp., Panulirus spp., Jasus spp.)",0306.11,S/REDUÇÃO,0.0,,
VII,1.0, Lagosta norueguesa (Lagostim*) (Nephrops norvegicus),0306.15.00,S/REDUÇÃO,0.0,,
VII,1.0,"Lagostas (Palinurus spp., Panulirus spp., Jasus spp.) ",0306.31.00,S/REDUÇÃO,0.0,,
VII,1.0,Lagosta norueguesa (Lagostim*) (Nephrops norvegicus)  ,0306.34.00,S/REDUÇÃO,0.0,,
VII,1.0,Lagosta de água doce (Cherax quadricarinatus)  ,0306.39.10,S/REDUÇÃO,0.0,,
VII,1.0,"Vivos, frescos ou refrigerados  ",0307.31.00,S/REDUÇÃO,0.0,,
VII,1.0, Congelados ,0307.32.00,S/REDUÇÃO,0.0,,
VII,1.0,"Vivas, frescas ou refrigeradas",0307.42.00,S/REDUÇÃO,0.0,,
VII,1.0,Congeladas  ,0307.43,S/REDUÇÃO,0.0,,
VII,1.0,"Vivos, frescos ou refrigerados  ",0307.51.00,S/REDUÇÃO,0.0,,
VII,1.0,Congelados,0307.52.00,S/REDUÇÃO,0.0,,
VII,1.0,"Vivos, frescos ou refrigerados",0307.91.00,S/REDUÇÃO,0.0,,
VII,1.0, Congelados,0307.92.00,S/REDUÇÃO,0.0,,
VII,2.0,"Leite fermentado, bebidas e compostos lácteos, em conformidade com os requisitos da legislação específica",0403.20.00,REDUÇÃO,0.6,,
VII,2.0,Outros,0403.90.00,REDUÇÃO,0.6,,
VII,2.0,Outras,2202.99.00,REDUÇÃO,0.6,,
VII,3.0,Mel natural do código 0409.00.00 da NCM/SH,0409.00.00,REDUÇÃO,0.6,,
VII,4.0,"Farinha das posições 1101.00, 11.02, 11.05, 11.06 e 12.08 da NCM/SH; ressalvados os produtos relacionados no Anexo I",1101.00,REDUÇÃO,0.6,,
VII,4.0," Farinhas de cereais, exceto de trigo ou de mistura de trigo com centeio (méteil).  ",11.02,REDUÇÃO,0.6,,
VII,4.0,"   Farinha, sêmola, pó, flocos, grânulos e pellets, de batata.  ",11.05,REDUÇÃO,0.6,,
VII,4.0," Farinhas, sêmolas e pós, dos legumes de vagem, secos, da posição 07.13, de sagu ou das raízes ou tubérculos da posição 07.14 e dos produtos do Capítulo 8. ",11.06,REDUÇÃO,0.6,,
VII,4.0,"  Farinhas de sementes ou de frutos oleaginosos, exceto farinha de mostarda.   ",12.08,REDUÇÃO,0.6,,
VII,5.0,Grumos e sêmolas de cereais dos códigos 1103.11.00 e 1103.19.00 da NCM/SH; ressalvados os produtos relacionados no Anexo I,1103.11.00,REDUÇÃO,0.6,,
VII,5.0,De outros cereais  ,1103.19.00,REDUÇÃO,0.6,,
VII,6.0,Grãos de cereais das subposições 1104.1 e 1104.2 da NCM/SH; ressalvados os produtos relacionados no Anexo I,1104.1,REDUÇÃO,0.6,,
VII,6.0,"Outros grãos trabalhados (por exemplo, descascados, em pérolas, cortados ou partidos):  ",1104.2,REDUÇÃO,0.6,,
VII,7.0,Amido de milho do código 1108.12.00 da NCM/SH,1108.12.00,REDUÇÃO,0.6,,
VII,8.0,"Óleos de soja, de milho, canola e demais óleos vegetais, em conformidade com os requisitos da legislação específica relativos ao consumo como alimento",1507.90,REDUÇÃO,0.6,,
VII,8.0,"Óleo de amendoim e respectivas frações, mesmo refinados, mas não quimicamente modificados.  ",15.08,REDUÇÃO,0.6,,
VII,8.0,"   Óleo de palma (dendê) e respectivas frações, mesmo refinados, mas não quimicamente modificados.",15.11,REDUÇÃO,0.6,,
VII,8.0," Óleos de girassol, de cártamo ou de algodão, e respectivas frações, mesmo refinados, mas não quimicamente modificados. ",15.12,REDUÇÃO,0.6,,
VII,8.0,"   Óleos de coco (copra), de amêndoa de palma (palmiste) (coconote) ou de babaçu, e respectivas frações, mesmo refinados, mas não quimicamente modificados.  ",15.13,REDUÇÃO,0.6,,
VII,8.0,"    Óleos de nabo silvestre, de colza ou de mostarda, e respectivas frações, mesmo refinados, mas não quimicamente modificados.",15.14,REDUÇÃO,0.6,,
VII,8.0,"    Outras gorduras e óleos vegetais (incluindo o óleo de jojoba) ou de origem microbiana e respectivas frações, fixos, mesmo refinados, mas não quimicamente modificados. ",15.15,REDUÇÃO,0.6,,
VII,9.0,Massas alimentícias dos códigos 1902.20.00 e 1902.30.00 da NCM/SH,1902.20.00,REDUÇÃO,0.6,,
VII,9.0, Outras massas alimentícias ,1902.30.00,REDUÇÃO,0.6,,
VII,10.0,"Sucos naturais de fruta ou de produtos hortícolas sem adição de açúcar ou de outros edulcorantes e sem conservantes classificados na posição
20.09 da NCM/SH",20.09,REDUÇÃO,0.6,,
VII,11.0,Polpas de frutas ou de produtos hortícolas sem adição de açúcar ou de outros edulcorantes e sem conservantes classificadas na posição 20.08 da NCM/SH,20.08,REDUÇÃO,0.6,,
VII,12.0,Pão de Forma do código 1905.90.10 da NCM/SH,1905.90.10,REDUÇÃO,0.6,,
VII,13.0,Extrato de tomate classificado no código 2002.90.00 da NCM/SH,2002.90.00,REDUÇÃO,0.6,,
VII,14.0,"Frutas, produtos hortícolas e demais produtos vegetais, sem adição de açúcar ou de outros edulcorantes, classificados nos capítulos 7 e 8 da NCM/SH, ressalvados as frutas de casca rija não regionais e os produtos relacionados nos Anexos I e XV e excetuadas as posições 07.11, 08.12 e 0814.00.00",07.11,REDUÇÃO,0.6,,
VII,14.0," Fruta conservada transitoriamente, mas imprópria para alimentação nesse estado. ",08.12,REDUÇÃO,0.6,,
VII,14.0,"Cascas de citros (citrinos), de melões ou de melancias, frescas, secas, congeladas ou apresentadas em água salgada, sulfurada ou adicionada de outras substâncias destinadas a assegurar transitoriamente a sua conservação.  ",0814.00.00,REDUÇÃO,0.6,,
VII,15.0,"Capítulo 10 - Cereais do capítulo 10 e sementes e frutos oleaginosos classificados no capítulo 12, ambos da NCM/SH, ressalvados os produtos relacionados no Anexo I",10,REDUÇÃO,0.6,,
VII,15.0,Capítulo 12 - sementes e frutos oleaginosos classificados no capítulo 12,12,REDUÇÃO,0.6,,
VII,16.0,"Produtos hortícolas, mesmo misturados entre si, apenas pré-cozidos ou cozidos em água ou vapor, sem adição de sal ou de quaisquer outros produtos e substâncias",20.04,REDUÇÃO,0.6,,
VII,16.0,"Outros produtos hortícolas preparados ou conservados, exceto em vinagre ou em ácido acético, não congelados, com exceção dos produtos da posição 20.06.  ",20.05,REDUÇÃO,0.6,,
VII,16.0,Tomates inteiros ou em pedaços  ,2002.10.00,REDUÇÃO,0.6,,
VII,17.0,"Fruta de casca rija regional, amendoins e outras sementes, mesmo misturados entre si, apenas torrados ou cozidos, sem adição de sal ou de quaisquer outros produtos e substâncias",2008.1,REDUÇÃO,0.6,,
VIII,1.0,Sabões de toucador classificados no código 3401.11.90 da NCM/SH, 3401.11.90,REDUÇÃO,0.6,,
VIII,2.0,Dentifrícios do código 3306.10.00 da NCM/SH,3306.10.00,REDUÇÃO,0.6,,
VIII,3.0,Escovas de dentes do código 9603.21.00 da NCM/SH,9603.21.00,REDUÇÃO,0.6,,
VIII,4.0,Papel higiênico do código 4818.10.00 da NCM/SH,4818.10.00,REDUÇÃO,0.6,,
VIII,5.0,Água sanitária classificada no código 3808.94.19 da NCM/SH,3808.94.19 ,REDUÇÃO,0.6,,
VIII,6.0,Sabões em barra classificados no código 3401.19.00 da NCM/SH,3401.19.00,REDUÇÃO,0.6,,
VIII,7.0,"Fraldas e artigos higiênicos semelhantes, de qualquer matéria classificadas no código 9619.00.00 da NCM/SH",9619.00.00 ,REDUÇÃO,0.6,,
IX,1.0,"Biofertilizantes, em conformidade com as definições e demais requisitos da legislação específica",3101.00.00,REDUÇÃO,0.6,,
IX,1.0,Capítulo 31    Adubos (fertilizantes).,31,REDUÇÃO,0.6,,
IX,2.0,Adubos (fertilizantes) foliares que contenham zinco ou manganês  ,"3824.99.77
",REDUÇÃO,0.6,,
IX,2.0,"Produtos e preparações à base de compostos orgânicos, não especificados nem compreendidos noutras posições - Outros ","3824.99.89
3824.99.80",REDUÇÃO,0.6,, 
IX,2.0,"Produtos e preparações à base de elementos químicos ou de seus compostos inorgânicos, não especificados nem compreendidos noutras posições - 	Outros  ",3824.99.79,REDUÇÃO,0.6,,
IX,3.0,"Corretivos de solo (inclusive condicionadores), remineralizadores e substratos para plantas; em conformidade com as definições e demais requisitos da legislação específica - Capítulo 25",25,REDUÇÃO,0.6,,
IX,4.0,"Inoculantes, meios de cultura e outros microorganismos para uso agrícola; em conformidade com as definições e demais requisitos da legislação específica",3002.49 ,REDUÇÃO,0.6,,
IX,4.0,"Inoculantes, meios de cultura e outros microorganismos para uso agrícola; em conformidade com as definições e demais requisitos da legislação específica",3002.90.00,REDUÇÃO,0.6,,
IX,4.0,"Inoculantes, meios de cultura e outros microorganismos para uso agrícola; em conformidade com as definições e demais requisitos da legislação específica",3821.00.00,REDUÇÃO,0.6,,
IX,5.0,"Bioestimulantes e bioinsumos para controle fitossanitário, em conformidade com as definições e demais requisitos da legislação específica",38.24,REDUÇÃO,0.6,,
IX,5.0,"Alcatrões de madeira; óleos de alcatrão de madeira; creosoto de madeira; metileno; breu (pez) vegetal; breu (pez) para a indústria da cerveja e preparações semelhantes à base de colofônias, de ácidos resínicos ou de breu (pez) vegetal.","3807.00.00
",REDUÇÃO,0.6,,
IX,5.0,"Inseticidas, rodenticidas, fungicidas, herbicidas, inibidores de germinação e reguladores de crescimento para plantas, desinfetantes e produtos semelhantes, apresentados em formas ou embalagens para venda a retalho ou como preparações ou ainda sob a forma de artigos, tais como fitas, mechas e velas sulfuradas e papel mata-moscas.",38.08,REDUÇÃO,0.6,,
IX,5.0,"Plantas, partes de plantas, sementes e frutos, das espécies utilizadas principalmente em perfumaria, medicina ou como inseticidas, parasiticidas e semelhantes, frescos, refrigerados, congelados ou secos, mesmo cortados, triturados ou em pó.",12.11,REDUÇÃO,0.6,,
IX,6.0,"Inseticidas, fungicidas, formicidas, herbicidas, parasiticidas, germicidas, acaricidas, nematicidas, raticidas, desfolhantes, dessecantes, espalhantes adesivos, estimuladores e inibidores de crescimento (reguladores); todos destinados diretamente ao uso agropecuário ou destinados diretamente à fabricação de defensivo agropecuário; em conformidade com as definições e demais requisitos da legislação específica","38.08
",REDUÇÃO,0.6,,
IX,6.0,"Produtos e preparações à base de compostos orgânicos, não especificados nem compreendidos noutras posições",3824.99.89,REDUÇÃO,0.6,,
IX,7.0,"Calcário, casca de coco triturada, turfa; tortas, bagaços e demais resíduos e desperdícios vegetais das indústrias alimentares; cascas, serragens e demais resíduos e desperdícios de madeira; resíduos da indústria de celulose (dregs e grits), ossos, borra de carnaúba, cinzas, resíduos agroindustriais orgânicos, DL-Metionina e seus análogos, vermiculita e argilas expandidas, palhas e cascas de produtos vegetais, fibra de coco e outras fibras vegetais, silicatos de potássio ou de magnésio, resinas e oleorresinas naturais, sucos e extratos vegetais, aminoácidos e microrganismos mortos, óleos essenciais, argilas e terras, carvão vegetal e pastas mecânicas de madeira; todos destinados diretamente à fabricação de biofertilizantes, fertilizantes, corretivos de solo (inclusive condicionadores), remineralizadores, substratos para plantas, bioestimulantes ou biodefensivos para controle fitossanitário ou utilizados diretamente como biofertilizantes, fertilizantes, corretivos de solo (inclusive condicionadores), remineralizadores, substratos para plantas, bioestimulantes ou biodefensivos para controle fitossanitário; em conformidade com as definições e demais requisitos da legislação específica","05.06
",REDUÇÃO,0.6,,
IX,7.0,Para semeadura (sementeira),1201.10.00,REDUÇÃO,0.6,,
IX,7.0,"Palhas e cascas de cereais, em bruto, mesmo picadas, moídas, prensadas ou em pellets.  ",1213.00.00,REDUÇÃO,0.6,,
IX,7.0,"Goma-laca; gomas, resinas, gomas-resinas e oleorresinas (bálsamos, por exemplo), naturais - outros",1301.90.90,REDUÇÃO,0.6,,
IX,7.0,Sucos e extratos vegetais - outros,1302.19.9,REDUÇÃO,0.6,,
IX,7.0,"Matérias vegetais das espécies principalmente utilizadas em cestaria ou espartaria (por exemplo, bambus, rotins, canas, juncos, vimes, ráfia, palha de cereais limpa, branqueada ou tingida, casca de tília) - outras ",1401.90.00,REDUÇÃO,0.6,,
IX,7.0,Produtos vegetais não especificados nem compreendidos noutras posições - outros ,1404.90.90,REDUÇÃO,0.6,,
IX,7.0,Leveduras mortas; outros microrganismos monocelulares mortos,2102.20.00,REDUÇÃO,0.6,,
IX,7.0,"Sêmeas, farelos e outros resíduos, mesmo em pellets, da peneiração, moagem ou de outros tratamentos de cereais ou de leguminosas.",23.02,REDUÇÃO,0.6,,
IX,7.0,"Resíduos da fabricação do amido e resíduos semelhantes, polpas de beterraba, bagaços de cana-de-açúcar e outros desperdícios da indústria do açúcar, borras e desperdícios da indústria da cerveja e das destilarias, mesmo em pellets.",23.03,REDUÇÃO,0.6,,
IX,7.0,"Tortas (bagaços) e outros resíduos sólidos, mesmo triturados ou em pellets, da extração do óleo de soja.",2304.00,REDUÇÃO,0.6,,
IX,7.0,"Tortas (bagaços) e outros resíduos sólidos, mesmo triturados ou em pellets, da extração do óleo de amendoim.",2305.00.00,REDUÇÃO,0.6,,
IX,7.0,"Tortas (bagaços) e outros resíduos sólidos, mesmo triturados ou em pellets, da extração de gorduras ou óleos vegetais ou de origem microbiana, exceto os das posições 23.04 ou 23.05.",23.06,REDUÇÃO,0.6,,
IX,7.0,"Matérias vegetais e desperdícios vegetais, resíduos e subprodutos vegetais, mesmo em pellets, do tipo utilizado na alimentação de animais, não especificados nem compreendidos noutras posições.",2308.00.00,REDUÇÃO,0.6,,
IX,7.0,"Turfa (incluindo a turfa para cama de animais), mesmo aglomerada.",2703.00.00,REDUÇÃO,0.6,,
IX,7.0,Silicatos; silicatos dos metais alcalinos comerciais - 	De magnésio  ,2839.90.10,REDUÇÃO,0.6,,
IX,7.0,Silicatos; silicatos dos metais alcalinos comerciais - De potássio,2839.90.50,REDUÇÃO,0.6,,
IX,7.0,"- Aminoácidos, exceto os que contenham mais de um tipo de função oxigenada, e seus ésteres; sais destes produtos:",2922.4,REDUÇÃO,0.6,,
IX,7.0,Tiocompostos orgânicos - Metionina,2930.40,REDUÇÃO,0.6,,
IX,7.0,"Óleos essenciais (desterpenados ou não), incluindo os denominados ""concretos"" ou ""absolutos""; resinoides; oleorresinas de extração; soluções concentradas de óleos essenciais em gorduras, em óleos fixos, em ceras ou em matérias análogas, obtidas por tratamento de flores através de substâncias gordas ou por maceração; subprodutos terpênicos residuais da desterpenação dos óleos essenciais; águas destiladas aromáticas e soluções aquosas de óleos essenciais.",33.01,REDUÇÃO,0.6,,
IX,7.0,Outras argilas e terras  ,3802.90.40,REDUÇÃO,0.6,,
IX,7.0,"Lixívias residuais da fabricação das pastas de celulose, mesmo concentradas, desaçucaradas ou tratadas quimicamente, incluindo os lignossulfonatos, mas excluindo o tall oil da posição 38.03.",3804.00,REDUÇÃO,0.6,,
IX,7.0,Cal sodada; carbonato de cálcio hidrófugo  ,3824.99.71,REDUÇÃO,0.6,,
IX,7.0,"Serragem (serradura), desperdícios e resíduos, de madeira, aglomerados em toras (toros), briquetes, pellets ou em formas semelhantes - Outros ",4401.39.00,REDUÇÃO,0.6,,
IX,7.0,"Serragem (serradura), desperdícios e resíduos, de madeira, não aglomerados:",4401.4,REDUÇÃO,0.6,,
IX,7.0,"Carvão vegetal (incluindo o carvão de cascas ou de caroços), mesmo aglomerado - Outros",4402.90.00,REDUÇÃO,0.6,,
IX,7.0,Pastas mecânicas de madeira. ,4701.00.00,REDUÇÃO,0.6,,
IX,7.0,"Cairo (fibra de coco), abacá (cânhamo-de-manilha ou Musa textilis Nee), rami e outras fibras têxteis vegetais não especificadas nem compreendidas noutras posições, em bruto ou trabalhados, mas não fiados; estopas e desperdícios destas fibras (incluindo os desperdícios de fios e os fiapos) - Outros  ",5305.00.90,REDUÇÃO,0.6,,
IX,7.0,"Vermiculita e argilas, expandidas, espuma de escórias e produtos minerais semelhantes, expandidos, mesmo misturados entre si",6806.20.00,REDUÇÃO,0.6,,
IX,8.0,"Ácido nítrico, ácido sulfúrico, ácido fosfórico, fosfatos de cálcio naturais, enxofre, ácido clorídrico, ácido fosforoso, ácido acético, hidróxido de sódio e carbonato dissódico; todos destinados diretamente à fabricação de fertilizantes",2503.00.10,REDUÇÃO,0.6,,
IX,8.0,"Enxofre de qualquer espécie, exceto o enxofre sublimado, o precipitado e o coloidal - Outros  ",2503.00.90,REDUÇÃO,0.6,,
IX,8.0,Fosfatos de cálcio naturais  ,2510.10.10,REDUÇÃO,0.6,,
IX,8.0,"Fosfatos de cálcio naturais, fosfatos aluminocálcicos naturais e cré fosfatado - Outros  ",2510.10.90,REDUÇÃO,0.6,,
IX,8.0,"Fosfatos de cálcio naturais, fosfatos aluminocálcicos naturais e cré fosfatado - Fosfatos de cálcio naturais  ",2510.20.10,REDUÇÃO,0.6,,
IX,8.0,"Fosfatos de cálcio naturais, fosfatos aluminocálcicos naturais e cré fosfatado - Outros  ",2510.20.90,REDUÇÃO,0.6,,
IX,8.0,Enxofre sublimado ou precipitado; enxofre coloidal.,2802.00.00,REDUÇÃO,0.6,,
IX,8.0,Cloreto de hidrogênio (ácido clorídrico) - 	Em solução aquosa  ,2806.10.20,REDUÇÃO,0.6,,
IX,8.0,Ácido sulfúrico  ,2807.00.10,REDUÇÃO,0.6,,
IX,8.0,Ácido nítrico  ,2808.00.10,REDUÇÃO,0.6,,
IX,8.0,Ácido fosfórico e ácidos polifosfóricos - 	Com um teor de ferro inferior a 750 ppm  ,2809.20.11,REDUÇÃO,0.6,,
IX,8.0,Ácido fosfórico e ácidos polifosfóricos - 	Outros  ,2809.20.19,REDUÇÃO,0.6,,
IX,8.0,Outros ácidos inorgânico - Ácido fosfônico (ácido fosforoso)  ,2811.19.20,REDUÇÃO,0.6,,
IX,8.0,"Hidróxido de sódio (soda cáustica); hidróxido de potássio (potassa cáustica); peróxidos de sódio ou de potássio - Sólido	
",2815.11.00,REDUÇÃO,0.6,,
IX,8.0,Em solução aquosa (lixívia de soda cáustica) ,2815.12.00,REDUÇÃO,0.6,,
IX,8.0,Anidro,2836.20.10,REDUÇÃO,0.6,,
IX,8.0,Outros,2836.20.90,REDUÇÃO,0.6,,
IX,8.0,Ácido acético ,2915.21.00,REDUÇÃO,0.6,,
IX,9.0,Enzimas preparadas para decomposição de matéria orgânica animal e vegetal,3507.90.4,REDUÇÃO,0.6,,
IX,10.0,"Semente genética, semente básica, semente nativa in natura, semente certificada de primeira geração (C1), semente certificada de segunda geração (C2), semente não certificada de primeira geração (S1), semente não certificada de segunda geração (S2) e sementes de cultivar local, tradicional ou crioula; em conformidade com as definições e demais requisitos da legislação específica","Capítulos 7, 10 e 12",REDUÇÃO,0.6,,
IX,10.0,Capítulo 10- Cereais,10,REDUÇÃO,0.6,,
IX,10.0,"Capítulo 12- Sementes e frutos oleaginosos; grãos, sementes e frutos diversos; plantas industriais ou medicinais; palhas e forragens",12,REDUÇÃO,0.6,,
IX,11.0,"Mudas de plantas e demais materiais propagativos de plantas e fungos, inclusive plantas e fungos nativos de espécies florestais; em conformidade com as definições e demais requisitos da legislação específica","06.01
06.02",REDUÇÃO,0.6,,
IX,11.0,"   Outras plantas vivas (incluindo as suas raízes), estacas e enxertos; micélios de cogumelos. ",06.02,REDUÇÃO,0.6,,
IX,12.0,"Vacinas, soros e medicamentos, de uso veterinário, exceto de animais domésticos","3002.12
",REDUÇÃO,0.6,,
IX,12.0,"Produtos imunológicos, apresentados em doses ou acondicionados para venda a retalho",3002.15,REDUÇÃO,0.6,,
IX,12.0,Vacinas para medicina veterinária ,3002.42,REDUÇÃO,0.6,,
IX,12.0,3002.90.00    - Outros ,3002.90.00,REDUÇÃO,0.6,,
IX,12.0,"  Medicamentos (exceto os produtos das posições 30.02, 30.05 ou 30.06) constituídos por produtos misturados ou não misturados, preparados para fins terapêuticos ou profiláticos, apresentados em doses (incluindo os destinados a serem administrados por via percutânea) ou acondicionados para venda a retalho. ",30.04,REDUÇÃO,0.6,,
IX,13.0,"Aves de um dia, exceto as ornamentais",105.1,REDUÇÃO,0.6,,
IX,14.0,"Embriões e sêmen, congelado ou resfriado","0511.10.00
0511.9",REDUÇÃO,0.6,,
IX,14.0,,0511.9,REDUÇÃO,0.6,,
IX,15.0,"Reprodutores de raça pura, inclusive matrizes de animais puros de origem com registro genealógico; em conformidade com as definições e demais requisitos da legislação específica","01.02
01.03
01.04",REDUÇÃO,0.6,,
IX,15.0,,01.03,REDUÇÃO,0.6,,
IX,15.0,,01.04,REDUÇÃO,0.6,,
IX,16.0,Ovos fertilizados,407.1,REDUÇÃO,0.6,,
IX,17.0,Girinos e alevinos,0106.90.00,REDUÇÃO,0.6,,
IX,18.0,"Rações para animais, concentrados, suplementos, aditivos, premix ou núcleo, exceto para animais domésticos",2309.9,REDUÇÃO,0.6,,
IX,19.0,"Sementes e cereais, mesmo triturados, em grãos esmagados ou trabalhados de outro modo; todos destinados diretamente à fabricação de ração para animais ou diretamente à alimentação animal, exceto de animais domésticos","Capítulos 10, 11 e 12",REDUÇÃO,0.6,,
IX,20.0,"Farelos e tortas de produtos vegetais e demais resíduos e desperdícios das indústrias alimentares; todos destinados diretamente à fabricação de ração para animais ou diretamente à alimentação animal, exceto de animais domésticos","23.01
23.02
23.03
2304.00
2305.00.00
23.06
2308.00.00",REDUÇÃO,0.6,,
IX,20.0,"  Sêmeas, farelos e outros resíduos, mesmo em pellets, da peneiração, moagem ou de outros tratamentos de cereais ou de leguminosas.   ",23.02,REDUÇÃO,0.6,,
IX,20.0,"Resíduos da fabricação do amido e resíduos semelhantes, polpas de beterraba, bagaços de cana-de-açúcar e outros desperdícios da indústria do açúcar, borras e desperdícios da indústria da cerveja e das destilarias, mesmo em pellets. ",23.03,REDUÇÃO,0.6,,
IX,20.0,"  Tortas (bagaços) e outros resíduos sólidos, mesmo triturados ou em pellets, da extração do óleo de soja. ",2304.00,REDUÇÃO,0.6,,
IX,20.0,"2305.00.00    Tortas (bagaços) e outros resíduos sólidos, mesmo triturados ou em pellets, da extração do óleo de amendoim. ",2305.00.00,REDUÇÃO,0.6,,
IX,20.0,"Tortas (bagaços) e outros resíduos sólidos, mesmo triturados ou em pellets, da extração de gorduras ou óleos vegetais ou de origem microbiana, exceto os das posições 23.04 ou 23.05. ",23.06,REDUÇÃO,0.6,,
IX,20.0," Matérias vegetais e desperdícios vegetais, resíduos e subprodutos vegetais, mesmo em pellets, do tipo utilizado na alimentação de animais, não especificados nem compreendidos noutras posições. ",2308.00.00,REDUÇÃO,0.6,,
IX,21.0,"Alho em pó, sal mineralizado, farinhas de peixe, de ostra, de carne, de osso, de pena, de sangue e de víscera, calcário calcítico,  gorduras e óleos animais, resíduos de óleo e de gordura de origem animal ou vegetal descartados por empresas do ramo alimentício, e DL-Metionina e seus análogos; todos destinados diretamente à fabricação de ração para animais ou diretamente à alimentação animal, exceto de animais domésticos","02.10
03.09
0712.90.10
Capítulo 15
2501.00
2521.00.00
2930.40",REDUÇÃO,0.6,,
IX,21.0,"Farinhas, pós e pellets, de peixe, crustáceos, moluscos e de outros invertebrados aquáticos, próprios para alimentação humana.  ",03.09,REDUÇÃO,0.6,,
IX,21.0,Alho em pó 0712.90.10   - Expirou em 31/12/2024 - Correto 0712.90.20,0712.90.10,REDUÇÃO,0.6,,
IX,21.0,"Capítulo 15 - Gorduras e óleos animais, vegetais ou de origem microbiana e produtos da sua dissociação; gorduras alimentícias elaboradas; ceras de origem animal ou vegetal.",15,REDUÇÃO,0.6,,
IX,21.0,"  Sal (incluindo o sal de mesa e o sal desnaturado) e cloreto de sódio puro, mesmo em solução aquosa ou adicionados de agentes antiaglomerantes ou de agentes que assegurem uma boa fluidez; água do mar.  ",2501.00,REDUÇÃO,0.6,,
IX,21.0,Castinas; pedras calcárias utilizadas na fabricação de cal ou de cimento.,2521.00.00,REDUÇÃO,0.6,,
IX,21.0,Metionina  ,2930.40,REDUÇÃO,0.6,,
IX,35.0,Vinhaça,"2303.30.00
",REDUÇÃO,0.6,,
IX,35.0,Vinhaça,2303.20.00,REDUÇÃO,0.6,,
